S005,f
S010,f
S011,f
S014,f
S022,f
S026,f
S028,f
S029,f
S032,f
S034,f
S035,f
S037,m
S042,f
S044,m
S045,m
S046,f
S050,m
S051,f
S052,f
S053,m
S054,m
S055,f
S056,m
S057,f
S058,m
S059,f
S060,f
S061,f
S062,m
S063,m
S064,m
S065,f
S066,f
S067,f
S068,f
S069,f
S070,f
S071,f
S072,f
S073,m
S074,f
S075,m
S076,f
S077,f
S078,f
S079,f
S080,f
S081,m
S082,m
S083,m
S084,f
S085,f
S086,f
S087,f
S088,m
S089,m
S090,f
S091,f
S092,m
S093,m
S094,f
S095,f
S096,m
S097,m
S098,f
S099,m
S100,f
S101,m
S102,f
S103,f
S104,f
S105,m
S106,f
S107,m
S108,f
S109,f
S110,f
S111,f
S112,f
S113,m
S114,f
S115,f
S116,m
S117,f
S118,m
S119,m
S120,m
S121,f
S122,f
S124,f
S125,f
S126,m
S127,f
S128,f
S129,f
S130,f
S131,m
S132,m
S133,f
S134,m
S135,m
S136,f
S137,f
S138,f
S139,f
S147,f
S148,f
S149,f
S151,f
S154,f
S155,f
S156,f
S157,f
S158,f
S160,f
S501,f
S502,f
S503,f
S504,m
S505,m
S506,m
S895,f
S999,f